metric,percentile,percentile_value,Method,model,NDCG,HR,diversity,DivRatio,ORRatio,category,NDCG_head@5,HR_head@5,NDCG_tail@5,HR_tail@5,Count_Head,Count_Tail,topk,GiniIndex,num_recommended_unique,total_recommendations,num_total_items,coverage
ches_score,p0,0,Min_ches_score,final,0.0371611260451442,0.048,689,0.1378,0.0618,Goodreads,0.06063875238203276,0.07454545454545454,0.008466249411169285,0.015555555555555555,550,450,5,0.9842750667378538,689,5000,13111,0.052551292807566166
ches_score,p50,50,P50_ches_score,final,0.03270440829703795,0.045,715,0.143,0.0708,Goodreads,0.05123010964674128,0.06545454545454546,0.010061884425178315,0.02,550,450,5,0.9836289832964686,715,5000,13111,0.05453436046068187
ln_ches_score,p0,0,Min_ln_ches_score,final,0.03579383647551758,0.045,688,0.1376,0.064,Goodreads,0.05971886792116034,0.07272727272727272,0.006552131375287537,0.011111111111111112,550,450,5,0.9847777286248188,688,5000,13111,0.052475020974754025
ln_ches_score,p50,50,P50_ln_ches_score,final,0.03448637254073388,0.045,726,0.1452,0.0684,Goodreads,0.05700238874566911,0.07090909090909091,0.006966797179146377,0.013333333333333334,550,450,5,0.9835181145602929,726,5000,13111,0.055373350621615434
ln_ches_score,p100,100,Max_ln_ches_score,final,0.03712269724884007,0.049,751,0.1502,0.0616,Goodreads,0.05960263430772055,0.07454545454545454,0.009647218621319476,0.017777777777777778,550,450,5,0.9823343146975823,751,5000,13111,0.057280146441919
sequence_logprob_margin,p0,0,Min_sequence_logprob_margin,final,0.03236315991744418,0.042,706,0.1412,0.0572,Goodreads,0.05150471781060397,0.06363636363636363,0.008967922492471109,0.015555555555555555,550,450,5,0.9844960414918771,706,5000,13111,0.053847913965372585
sequence_logprob_margin,p50,50,P50_sequence_logprob_margin,final,0.03466112604514419,0.047,729,0.1458,0.0778,Goodreads,0.055920892140188444,0.07454545454545454,0.008676967484534535,0.013333333333333334,550,450,5,0.9836974448936008,729,5000,13111,0.055602166120051866
sequence_logprob_margin,p100,100,Max_sequence_logprob_margin,final,0.03200415510153988,0.043,724,0.1448,0.0602,Goodreads,0.05386367168106745,0.06909090909090909,0.00528696817100619,0.011111111111111112,550,450,5,0.9835766303104263,724,5000,13111,0.05522080695599115
